id,name,location
1,Handmade Plastic Gloves,Port Trent, Belize
2,Intelligent Frozen Shoes,East Bentonland, Malta
3,Practical Steel Keyboard,McGlynnborough, Tokelau
4,Tasty Wooden Bacon,Pricetown, Croatia
5,Rustic Soft Pants,Felicialand, Antarctica (the territory South of 60 deg S)
6,Handmade Metal Chicken,Lake Francis, Virgin Islands, British
7,Unbranded Frozen Gloves,Beiertown, Iceland
8,Intelligent Granite Mouse,Joannehaven, Montserrat
9,Licensed Granite Sausages,Stoltenbergborough, Belarus
10,Handcrafted Frozen Computer,South Destineyside, Grenada
11,Fantastic Granite Chair,Domenickmouth, Madagascar
12,Ergonomic Frozen Salad,South Rickberg, Tonga
13,Tasty Wooden Gloves,Port Braden, Egypt
14,Practical Cotton Bike,North Blancheport, Qatar
15,Awesome Cotton Hat,North Justonton, Puerto Rico
16,Sleek Wooden Chips,Daxberg, Honduras
17,Awesome Cotton Chips,Lake Melany, Sierra Leone
18,Handcrafted Concrete Salad,Xanderborough, Cameroon
19,Ergonomic Steel Computer,Maxbury, Kenya
20,Gorgeous Wooden Fish,Tillmanland, Yemen
21,Licensed Concrete Chips,Brooklynbury, Papua New Guinea
22,Licensed Granite Cheese,Beershire, Swaziland
23,Awesome Metal Table,Immanuelmouth, Canada
24,Generic Cotton Chair,West Theodoretown, Andorra
25,Incredible Wooden Pants,Kathrynmouth, Spain
26,Licensed Fresh Shoes,O'Keefetown, New Caledonia
27,Unbranded Wooden Soap,New Isaias, Austria
28,Handmade Concrete Salad,New Graciela, Mozambique
29,Awesome Steel Sausages,Margueritechester, Iraq
30,Tasty Wooden Car,East Leonardofort, Mauritania
31,Incredible Cotton Pants,New Kittymouth, Papua New Guinea
32,Refined Granite Salad,Uriahfurt, Kyrgyz Republic
33,Fantastic Granite Chicken,Turnershire, Nigeria
34,Unbranded Granite Sausages,Lake Lincolnborough, Aruba
35,Handmade Steel Tuna,Port Dayneborough, Micronesia
36,Fantastic Frozen Cheese,East Verniceville, Heard Island and McDonald Islands
37,Intelligent Soft Car,Reichertberg, Croatia
38,Gorgeous Frozen Chips,South Jaeden, Uruguay
39,Sleek Fresh Shoes,South Howardfort, British Indian Ocean Territory (Chagos Archipelago)
40,Sleek Fresh Keyboard,East Bernie, Paraguay
41,Awesome Cotton Towels,Hettingerborough, American Samoa
42,Ergonomic Wooden Bike,Port Brittany, Timor-Leste
43,Handmade Plastic Soap,North Grayce, Jordan
44,Incredible Soft Shirt,New Joseborough, Samoa
45,Fantastic Plastic Computer,South Davionborough, Liechtenstein
46,Ergonomic Concrete Car,Bergstromside, Botswana
47,Handcrafted Rubber Fish,South Madeline, Mongolia
48,Intelligent Metal Shirt,West Shana, Lao People's Democratic Republic
49,Generic Plastic Bike,Austinton, Timor-Leste
50,Rustic Concrete Fish,South Berniceshire, Faroe Islands
51,Awesome Frozen Chair,East Dave, Iceland
52,Gorgeous Cotton Computer,Marianoton, Reunion
53,Incredible Concrete Car,Gradyberg, Cote d'Ivoire
54,Incredible Concrete Table,Gleichnerport, Argentina
55,Refined Concrete Chair,Andersonmouth, Egypt
56,Handmade Steel Chicken,East Maximilliashire, Antigua and Barbuda
57,Practical Frozen Bike,Romagueraville, Fiji
58,Awesome Granite Keyboard,Bauchbury, Dominican Republic
59,Practical Cotton Salad,Mikeview, Norway
60,Handcrafted Steel Chips,Kuhlmanstad, Iran
61,Handmade Frozen Keyboard,Chazton, American Samoa
62,Tasty Plastic Hat,Jamartown, Kuwait
63,Awesome Rubber Shirt,Kutchhaven, United States Minor Outlying Islands
64,Ergonomic Concrete Sausages,Dexterborough, Belarus
65,Awesome Rubber Fish,West Clarissamouth, Panama
66,Handmade Rubber Mouse,North Biankafurt, Timor-Leste
67,Small Metal Sausages,Grimestown, Cayman Islands
68,Handmade Wooden Fish,West Pedro, Guatemala
69,Tasty Concrete Tuna,Lindgrenshire, Saudi Arabia
70,Fantastic Rubber Pants,Connellymouth, San Marino
71,Small Frozen Computer,East Merlland, Svalbard & Jan Mayen Islands
72,Small Fresh Table,West Emanuel, Gibraltar
73,Sleek Cotton Cheese,Lockmanside, Gambia
74,Handmade Steel Tuna,Lake Eriberto, Belize
75,Handmade Concrete Pants,Samaraside, Samoa
76,Unbranded Metal Sausages,Westshire, Guyana
77,Incredible Steel Fish,Manuelshire, Uruguay
78,Fantastic Wooden Chair,Davionshire, Republic of Korea
79,Fantastic Plastic Pants,Port Jaleel, Congo
80,Ergonomic Soft Salad,North Marlon, Mauritania
81,Intelligent Frozen Mouse,Port Cecilport, Guinea
82,Handmade Wooden Bike,New Frederiquemouth, India
83,Awesome Rubber Ball,South Margarita, Romania
84,Handmade Rubber Bike,New Jack, Poland
85,Handcrafted Plastic Table,Keyshawnport, Marshall Islands
86,Small Metal Keyboard,East Lola, San Marino
87,Handmade Soft Car,Baumbachchester, Palestinian Territory
88,Fantastic Steel Pants,Welchshire, Faroe Islands
89,Practical Fresh Hat,Rickeytown, Heard Island and McDonald Islands
90,Licensed Concrete Pizza,Citlalliberg, Dominican Republic
91,Licensed Rubber Ball,Lemkebury, Benin
92,Small Fresh Shoes,Vestaberg, Andorra
93,Ergonomic Cotton Computer,Malachimouth, Bouvet Island (Bouvetoya)
94,Practical Frozen Pizza,West Buck, Turkmenistan
95,Gorgeous Frozen Towels,North Kaitlin, Egypt
96,Ergonomic Plastic Hat,Loweshire, Cote d'Ivoire
97,Handmade Steel Mouse,South Porterland, Brazil
98,Gorgeous Soft Tuna,Evansfort, Saint Kitts and Nevis
99,Practical Fresh Mouse,East Lenoraview, Angola
100,Intelligent Frozen Ball,Lynchmouth, Algeria
